l_english:
 ### Continent: unknown_continent
 ## Superregion: unknown__superregion
 # Region: broken_sea_region
 broken_sea_approach_area: "Broken Sea Approach"
 broken_sea_area: "Broken Sea"
 # Region: calamity_pass_region
 calamity_pass_area: "Calamity Pass"
 # Region: cleaved_sea_coast_region
 cleaved_sea_area: "Cleaved Sea"
 kaydhano_coast_area: "Kaydhano Coast"
 # Region: dameshead_sea_region
 dameshead_sea_area: "The Dameshead"
 damesneck_sea_area: "Damesneck"
 # Region: divenhal_sea_region
 bay_of_wines_sea_area: "Bay of Wines"
 brasanni_sea_area: "Brasanni Sea"
 coast_of_akasik_area: "Coast of Akasik"
 east_diven_area: "East Diven"
 gulf_of_glass_area: "Gulf of Glass"
 sea_of_follies_area: "Sea of Follies"
 sea_of_stone_area: "Sea of Stone"
 west_diven_area: "West Diven"
 # Region: giants_grave_sea_region
 bay_of_chills_area: "Bay of Chills"
 giants_grave_sea_area: "Giant's Grave Sea"
 # Region: gulf_of_rahen_region
 gulf_of_rahen_area: "Gulf of Rahen"
 # Region: insyaa_ocean_region
 barrier_islands_area: "Barrier Islands"
 bay_of_insyaa_area: "Bay of Insyaa"
 insyaa_western_ocean_area: "West Insyaan Sea"
 south_insyaan_sea_area: "South Insyaan Sea"
 # Region: kedwali_gulf_region
 kedwali_gulf_area: "Kedwali Gulf"
 yarbadda_sea_area: "Yarbadda Sea" 
 # Region: north_aelantir_coast_region
 north_aelantir_coast_area: "North Aelantir Coast"
 # Region: north_ocean_of_the_lost_region
 north_ocean_of_the_lost_area: "North Ocean of the Lost"
 # Region: north_uelos_lament_ocean_region
 banished_sea_area: "Banished Sea"
 coast_of_endrallian_area: "Coast of Endrallian"
 edillions_relief_area: "Edillion's Relief"
 far_sea_area: "Far Sea"
 the_great_expanse_area: "The Great Expanse"
 # Region: northeast_haless_coast_region
 northeast_haless_coast_area: "Northeast Haless Coast"
 # Region: northern_sea_region
 kodarve_sea_area: "Kodarve Lake"
 northern_pass_area: "Northern Pass"
 outer_sea_area: "Blue Sea"
 yukelqur_sea_area: "Yukelqur Lake"
 zernuuk_sea_area: "Zernuuk Lake"
 # Region: northern_thaw_region
 far_thaw_area: "Far Thaw"
 lonely_sea_area: "Lonely Sea"
 reaversea_area: "Reaver's Sea"
 # Region: outer_torn_sea_region
 outer_torn_sea_area: "Outer Torn Sea"
 # Region: punctured_coast_region
 punctured_coast_area: "Punctured Coast"
 # Region: ringlet_sea_region
 ringlet_sea_area: "Ringlet Sea"
 the_bridge_area: "The Bridge"
 # Region: ruined_sea_region
 east_ruin_sea_area: "East Ruin"
 reapers_coast_area: "Reaper's Coast"
 ruined_sea_area: "Ruined Sea"
 trollsbay_coast_area: "Trollsbay Coast"
 western_respite_sea_area: "Western Respite Sea"
 # Region: south_ocean_of_the_lost_region
 south_ocean_of_the_lost_area: "South Ocean of the Lost"
 # Region: south_sarhal_coast_region
 fahvanosy_sea_area: "Fahvanosy Sea"
 mabeedi_sea_area: "Mabeedi Sea"
 # Region: south_uelos_lament_ocean_region
 far_uelos_lament_sea_area: "Far Uelos' Lament Sea"
 south_uelos_lament_sea_area: "South Uelos' Lament Sea"
 # Region: southeast_aelantir_coast_region
 coast_of_the_effelai_area: "Coast of the Effelai"
 gleaming_sea_area: "Gleaming Sea"
 leechdens_area: "Leechdens"
 radiant_sea_area: "Radiant Sea"
 sea_of_ameion_area: "Sea of Ameion"
 # Region: torn_sea_region
 torn_sea_area: "Torn Sea"
 # Region: unknown_unknown__superregion_region
 unknown_unknown_unknown__superregion_region_area: "UNKNOWN AREA"
 # Region: west_aelantir_coast_region
 west_aelantir_coast_area: "West Aelantir Coast"
 # Region: west_salahad_coast_region
 west_salahad_sea_area: "West Salahad Sea"
 # Region: westcoast_region
 bay_of_dragons_area: "Bay of Dragons"
 southcoast_area: "Southcoast"
 westcoast_area: "Westcoast"
 # Region: western_broken_sea_region
 western_broken_sea_area: "Western Broken Sea"
 ### Continent: africa
 ## Superregion: bulwar_superregion
 # Region: bahar_region
 aqatbahar_area: "Aqatbahar"
 azka_evran_area: "Azka-Evran"
 bahar_szel_uak_area: "Bahar Szel-Uak"
 birsartenslib_area: "Birsartenslib"
 crathanor_area: "Crathánor"
 fajabahar_area: "Fajabahar"
 medbahar_area: "Medbahar"
 reuyel_area: "Re-Uyel"
 tungr_mountains_area: "Tûngr Mountains"
 zagnabad_area: "Zagnabad"
 # Region: bulwar_proper_region
 anzabad_area: "Anzabad"
 anzarzax_area: "Anzarzax"
 bulwar_area: "Bulwar"
 east_naza_area: "East Naza"
 garpix_tluukt_area: "Garpix Tluukt"
 grixekyr_area: "Grixekyr"
 harklum_area: "Harklum"
 inner_drolas_area: "Inner Drolas"
 irrliam_area: "Irrliam"
 jixobix_area: "Jixobix"
 kumarkand_area: "Kumarkand"
 lower_brasan_area: "Lower Brasan"
 medurubar_area: "Medurubar"
 north_naza_area: "North Naza"
 outer_drolas_area: "Outer Drolas"
 south_naza_area: "South Naza"
 sur_mountains_area: "Sur Mountains"
 traz_buranun_area: "Traz Buranun"
 upper_brasan_area: "Upper Brasan"
 zansap_area: "Zanšap"
 # Region: far_bulwar_region
 avamezan_area: "Avamezan"
 azka_sur_area: "Azka Sur"
 eastern_krahway_area: "Eastern Krahway"
 eduz_vacyn_area: "Eduz-Vacyn"
 garpix_zokka_area: "Garpix Zokka"
 grixek_area: "Grixek"
 jikarzax_area: "Jikarzax"
 panuses_area: "Panušes"
 sareyand_area: "Sareyand"
 upper_suran_area: "Upper Suran"
 xhurgrum_area: "Xhurgrum"
 # Region: far_salahad_region
 arrtukerr_area: "Arrtukerr"
 baganash_area: "Baganaš"
 dasmatus_area: "Dasmatuš"
 far_east_salahad_area: "Far East Salahad"
 gold_road_area: "Gold Road"
 keruhar_area: "Keruhar"
 lerfiror_area: "Lerfirór"
 mulenue_area: "Mulenue"
 sad_siadan_area: "Šad Siádan"
 saranza_area: "Saranza"
 zallirkor_area: "Zallirkor"
 # Region: harpy_hills_region
 elusadul_area: "Elusadul"
 firanyalen_area: "Firanyalen"
 gelkalis_area: "Gelkalis"
 imuluses_area: "Imulušes"
 kharfiraeri_area: "Kharfiraeri"
 kuz_mountains_area: "Kuz Mountains"
 kuzak_area: "Kuzak"
 lawassar_area: "Lawaššar"
 misharallen_area: "Mišarallen"
 nansalen_area: "Nanšalen"
 siffiraeri_area: "Siffiraeri"
 ## Superregion: djinnakah_superregion
 # Region: ardimya_region
 ardimyas_path_area: "Ardimya's Path"
 bankaa_ya_awliyo_area: "Bankaa ya Awliyo"
 bariga_vumb_area: "Bariga Vumb"
 daagalkauva_area: "Daagalkauva"
 fobunaicha_area: "Fobunaicha"
 lasadaicha_area: "Lasadaicha"
 merfolk_tip_area: "Merfolk Tip"
 mnemba_ziidan_area: "Mnemba Ziidan"
 muudeyneen_heartlands_area: "Muudeyneen Heartlands"
 new_armanhal_area: "New Armanhal"
 old_djinnakah_area: "Old Djinnakah"
 qaynsland_area: "Qaynsland"
 samaania_area: "Samaania"
 tajalme_plains_area: "Tajalme Plains"
 the_ohits_area: "The Ohits"
 visage_isles_area: "Visage Isles"
 # Region: jasiir_jadid_region
 ashamad_bariga_area: "Ashamad Bariga"
 ashamad_mabeed_area: "Ashamad Mabeed"
 baashi_badda_area: "Baashi Badda"
 dhal_baeidag_area: "Dhal Baeidag"
 dhal_nikhuvad_area: "Dhal Nikhuvad"
 dhal_tanizuud_area: "Dhal Tanizuud"
 dhebij_dhekha_area: "Dhebij Dhekha"
 dhebij_janab_area: "Dhebij Janab"
 dhebij_shar_area: "Dhebij Shar"
 juritaqa_area: "Juritaqa"
 qasri_abeesooyinka_area: "Qasri Abeesooyinka"
 qasriyingi_area: "Qasriyingi"
 suhratba_yahin_area: "Suhratba Yahin"
 suhratba_yaj_area: "Suhratba Yaj"
 ## Superregion: east_sarhal_superregion
 # Region: bamaliwuni_region
 chunsikazira_area: "Chunsikazira"
 hejukazira_area: "Hejukazira"
 iburengampakad_area: "Iburengampakad"
 igerya_isles_area: "Igerya Isles"
 juumsozi_area: "Juumsozi"
 kahuwabonde_area: "Kahuwabonde"
 kukihombe_area: "Kukihombe"
 mojakilima_area: "Mojakilima"
 rimvuawuni_area: "Rimvuawuni"
 umsozandin_area: "Umsozandin"
 wakoopakad_area: "Wakoopakad"
 # Region: denibari_region
 kadamuu_area: "Kadamuu"
 kidfan_area: "Kidfan"
 kirksanlashan_area: "Kirksanlashan"
 kvathagis_area: "Kvathagis"
 merekawi_area: "Merekawi"
 pechuketema_area: "Pechuketema"
 saposon_area: "Saposon"
 simegesfan_area: "Simegesfan"
 tsudhagis_area: "Tsudhagis"
 wezingoni_area: "Wezingoni"
 yezelshaff_area: "Yezelshaff"
 # Region: dreksaret_region
 beri_gnidi_area: "Beri Gnidi"
 biribitid_area: "Biribitid"
 dmettid_area: "Dmettid"
 gizan_area: "Gizan"
 vresywaz_area: "Vresywaz"
 yaikehaad_area: "Yaikehaad"
 # Region: ishyamtumu_region
 datakh_area: "Datakh"
 gakeigiti_area: "Gakeigiti"
 guinyaswa_area: "Guinyaswa"
 ishmajyepfo_area: "Ishmajyepfo"
 mpaka_area: "Mpaka"
 muukombi_area: "Muukombi"
 rindukubunza_area: "Rindukubunza"
 yaci_kugero_area: "Yaci Kugero"
 # Region: shadow_swamp_region
 aakeiritki_area: "Aakeiritki"
 arukomirun_area: "Arukomirun"
 dilgir_sigr_area: "Dilgir Sigr"
 elbe_nama_area: "Elbe Nama"
 kagdilgir_area: "Kagdilgir"
 krumkrmura_area: "Krumrmura"
 kumkrheshu_area: "Kumkrheshu"
 mypodaud_area: "Mypodaud"
 sketaimypo_area: "Sketaimypo"
 svitvi_area: "Svitvi"
 svitvillan_area: "Svitvillan"
 tazoine_area: "Tazoine"
 tovchiheshu_area: "Tovchiheshu"
 # Region: telekenid_region
 bedaphire_area: "Bedaphíre"
 berihrica_area: "Berihrica"
 dakmender_area: "Dakmender"
 emot_nepas_area: "Emot Nepas"
 irkan_eparta_area: "Irkan Eparta"
 keychashow_area: "Keychashow"
 maikelok_area: "Maikelok"
 medifat_area: "Medifat"
 pegosi_area: "Pegosi"
 riyiwedeb_area: "Riyiwedeb"
 sedarfan_area: "Sedarfan"
 telekenid_islands_area:"Telekenid Islands"
 # Region: yetefesefi_region
 berfan_area: "Berfan"
 fetengaben_area: "Fetengaben"
 melakfan_area: "Melakfan"
 sedarachit_area: "Sedarachit"
 tilcakan_area: "Tilcakan"
 werikafan_area: "Werikafan"
 yakrae_area: "Yakrae"
 yetmesira_area: "Yetmesira"
 ## Superregion: fangaula_superregion
 # Region: dao_nako_region
 asanbosam_tu_area: "Asanbosam Tu"
 azziza_tu_area: "Azziza Tu"
 bernalia_area: "Bernalia"
 dao_nako_coast_area: "Dao Nako Coast"
 dogo_babolo_area: "Dogo Babolo"
 falenfenw_area: "Falenfenw"
 grahamia_area: "Grahamia"
 janfanciso_area: "Janfanciso"
 jirad_area: "Jirad"
 kunolo_area: "Kunolo"
 masirijiri_area: "Masirijiri"
 mojobaa_kulan_area: "Mojobaa Kulan"
 narawan_jigin_area: "Narawan Jigin"
 negetu_area: "Negetu"
 ninki_nanka_bada_area: "Ninki Nanka Bada"
 # Region: janama_region
 arojana_area: "Arojana"
 arrakan_ghaman_area: "Arrakan Ghaman"
 baghan_area: "Baghan"
 biakata_area: "Biakata"
 cikela_jigin_area: "Cikela Jigin"
 farirarge_area: "Farirarge"
 keneya_pipi_area: "Keneya Pipi"
 mokatanga_area: "Mokatanga"
 sitane_kogojida_area: "Sitane Kogojida"
 xoruku_xugu_area: "Xoruku Xugu"
 # Region: kubaci_region
 fanghasba_area: "Fanghasba"
 franxhaz_area: "Franxhaz"
 gharr_marr_area: "Gharr Marr"
 kaino_binni_area: "Kaino Binni"
 kudhah_area: "Kudhah"
 kumsdat_area: "Kumsdat"
 misinson_area: "Misinson"
 samishesha_area: "Samishesha"
 warabani_area: "Warabani"
 ## Superregion: north_salahad_superregion
 # Region: akasik_region
 akarat_area: "Akarat"
 akasik_mountains_area: "Akasik Mountains"
 deshak_area: "Deshak"
 ekha_area: "Ekha"
 middle_akasik_area: "Middle Akasik"
 oris_area: "Oris"
 # Region: kheterata_region
 awaashesh_area: "Awaashesh"
 coast_of_tears_area: "Coast of Tears"
 elizna_area: "Elizna"
 hitputtiushesh_area: "Hitputtiushesh"
 ibtat_axast_area: "Ibtat Axast"
 kheterat_proper_area: "Kheterat Proper"
 lower_sorrow_area: "Lower Sorrow"
 masusopot_area: "Masusopot"
 mothers_delta_area: "Mother's Delta"
 ohitsopot_area: "Ohitsopot"
 upper_sorrow_area: "Upper Sorrow"
 # Region: west_salahad_region
 coastal_krahway_area: "Coastal Krahway"
 garpix_brrtekuh_area: "Garpix Brrtekuh"
 salahad_islands_area: "Salahad Islands"
 western_krahway_area: "Western Krahway"
 ## Superregion: south_salahad_superregion
 # Region: gazraak_region
 kogzalla_area: "Kogzalla"
 kvangraak_area: "Kvangraak"
 pyazada_area: "Pyazada"
 tzilkazin_grum_area: "Tzilkazin Grum"
 # Region: gol_region
 argazeen_area: "Argazeen"
 garpix_grizaka_area: "Garpix Grizaka"
 garpix_rakkaz_area: "Garpix Rakkaz"
 gnolltauz_area: "Gnolltauz"
 golkora_stretch_area: "Golkora Stretch"
 grixzakr_area: "Grixzakr"
 hapmot_area: "Hapmot"
 jagab_faru_area: "Jagab Faru"
 kaxatan_area: "Kaxatan"
 krahilyn_area: "Krahilyn"
 saqraxat_area: "Saqraxat"
 saymas_area: "Saymas"
 siniwix_area: "Siniwix"
 zeewix_area: "Zeewix"
 ## Superregion: taneyas_superregion
 # Region: katala_raz_region
 adgur_area: "Adgur"
 batal_area: "Batal"
 gasha_area: "Gasha"
 ishyaga_area: "Ishyaga"
 kakhaz_pton_bnal_area: "Kakhaz Pton Bnal"
 kakhaz_raktata_area: "Kakhaz Raktata"
 karach_area: "Karach"
 karashan_area: "Karashan"
 katalatslamatakh_area: "Katalatslamatakh"
 khulgulkin_area: "Khulgulkin"
 noor_zerat_area: "Noor Zerat"
 peta_ra_thusk_area: "Peti ra Thusk"
 pshorkitsa_area: "Pshorkitsa"
 rakirap_srap_area: "Rakirak Srap"
 rakshas_area: "Rakshas"
 teranak_area: "Teranak"
 yassa_tara_area: "Yassa Tara"
 # Region: odu_kherass_region
 kannepa_area: "Kannepa"
 ssippansek_area: "Ssippansek"
 sut_ra_thon_area: "Sut ra Thon"
 tiki_ra_shaga_area: "Tiki ra Shaga"
 tiki_shalazar_area: "Tiki Shalazar"
 yok_ra_shaga_area: "Yok ra Shaga"
 yosrath_area: "Yosrath"
 zulbur_area: "Zulbur"
 # Region: throden_gokad_region
 inner_rankaty_islands_area: "Inner Rankaty Islands"
 karassk_tara_area: "Karassk Tara"
 khugra_tara_area: "Khugra Tara"
 naga_ra_atsla_area: "Naga ra Atsla"
 narasad_area: "Narasad"
 nazhni_tara_area: "Nazhni Tara"
 nazhni_tressik_area: "Nazhni Tressik"
 nepa_tressik_area: "Nepa Tressik"
 ninu_ra_kyik_area: "Ninu ra Kiyk"
 outer_rankaty_islands_area: "Outer Rankaty Islands"
 tressik_isles_area: "Tressik Isles"
 zatsuti_tara_area: "Zatsuti Tara"
 zesipas_tara_area: "Zesipas Tara"
 ## Superregion: tanib_dajek_superregion
 # Region: fahvanosy_region
 bavabetsaro_area: "Bavabetsaro"
 far_uelos_isles_area: "Velanynosy"
 havafonosy_area: "Havafonosy"
 havoamihipha_area: "Havoamihipha"
 ibibakely_area: "Ibibakely"
 ibidelibe_area: "Ibidelibe"
 mapotibokbo_area: "Mapotibokbo"
 nafalofimapo_area: "Nafalofimapo"
 onkelynofi_area: "Onkelynofi"
 oronsafa_area: "Oronsafa"
 pikakely_area: "Pikakely"
 rambavatra_area: "Rambavatra"
 sil_berkhens_land_area: "Adinonosy"
 sombimofo_area: "Sombimofo"
 tanfandoro_area: "Tanfandoro"
 tebajik_area: "Tebajik"
 tebolelmasi_area: "Tebolelmasi"
 zohejirofo_area: "Zohejirofo"
 # Region: horashesh_region
 ahw_ssap_area: "Ahw Ssap"
 bivirir_area: "Bivirir"
 chibuswa_area: "Chibuswa"
 gomuvuri_area: "Gomuvuri"
 imdrashid_area: "Imdrashid"
 imivama_area: "Imivama"
 iqhekabi_area: "Iqhekabi"
 khawit_area: "Khawit"
 kumashet_area: "Kumashet"
 lath_kungaff_area: "Lath Kungaff"
 lubinga_area: "Lubinga"
 porhonozy_area: "Porhonozy"
 samspar_area: "Samspar"
 tabbanor_area: "Tabbanor"
 unior_area: "Unior"
 zenavuma_area: "Zenavuma"
 zugvuma_area: "Zugvuma"
 zuvavim_area: "Zuvavim"
 zuvaziva_area: "Zuvaziva"
 # Region: khetapera_region
 aramoole_area: "Aramoole"
 asparimu_area: "Asparimu"
 duwarkani_area: "Duwarkani"
 imidkis_area: "Imidkis"
 leta_muhaqaar_area: "Leta Muhaqaar"
 mattabo_area: "Mattabo"
 ordanus_area: "Ordanus"
 shena_muhaqaar_area: "Shena Muhaqaar"
 zerkis_area: "Zerkis"
 ## Superregion: unknown_africa_superregion
 # Region: unknown_unknown_africa_superregion_region
 unknown_unknown_unknown_africa_superregion_region_area: "UNKNOWN AREA"
 ### Continent: asia
 ## Superregion: forbidden_lands_superregion
 # Region: east_forbidden_plains_region
 aporlaen_area: "Aporlaen"
 danorbar_area: "Danorbar"
 domn_filaenan_area: "Domn Filaenan"
 ghaneersp_area: "Ghaneersp"
 godairzumh_area: "Gödairzumh"
 irdu_ageeneas_area: "Irdü Ageeneas"
 itorlan_area: "Itorlan"
 jaratish_area: "Jaratish"
 orchekh_area: "Orchekh"
 # Region: north_yarikhoi_region
 doykilraj_area: "Doykilräj"
 kesh_golkhin_area: "Kesh Golkhin"
 keshkoi_area: "Keshkoi"
 onrek_area: "Onrek"
 qarshtuluu_area: "Qarshtuluu"
 qushyil_area: "Qushyil"
 sarts_neisar_area: "Sartz Neisar"
 shik_dazar_area: "Shik Dazar"
 shik_dozein_area: "Shik Dozein"
 shikenkhiin_area: "Shikenkhiin"
 tolgalsui_area: "Tolgalsui"
 tomoryon_area: "Tomoryon"
 zoi_khorkhiin_area: "Zoi Khorkhiin"
 # Region: nuzurbokh_region
 akan_dzor_area: "Akan Dzor"
 akandhil_area: "Akandhil"
 baizoi_area: "Baizoi"
 bulrekayig_area: "Bulrekayig"
 enkayiin_area: "Enkayiin"
 ilabomar_area: "Ilabomar"
 kalgazuur_area: "Kalgazuur"
 pasktisk_area: "Pasktisk"
 priktisk_area: "Priktisk"
 tarbokh_area: "Tarbokh"
 tozgonrek_area: "Tozgonrek"
 zarmiklon_area: "Zarmiklon"
 zoital_area: "Zoital"
 zurenkhiin_area: "Zurenkhiin"
 zurkalga_area: "Zurkalga"
 zuurzoi_area: "Zuurzoi"
 # Region: ogre_valley_region
 dzimokli_area: "Dzimokli"
 ghavatalur_area: "Ghavatalur"
 krotavatsvi_area: "Krotavatsvi"
 kvakeinolba_area: "Kvakeinolba"
 ovto_kigval_area: "Ovtö Kigval"
 shevrmorzgh_area: "Shevrmorzgh"
 skurkha_kyard_area: "Skurkha Ky'ard"
 # Region: serpent_gift_region
 domchashing_area: "Domchashing"
 eamschemb_area: "Eamschemb"
 egoirnasgh_area: "Egoirnasgh"
 inaer_taizamh_area: "Inaer Taizamh"
 itorelgea_area: "Itorelgea"
 nac_magthaal_area: "Nac Magthaal"
 # Region: south_yarikhoi_region
 bocenvokin_area: "Bocenvokin"
 doynuya_area: "Doynuya"
 gadhlumo_area: "Gadhlumo"
 kuskemua_area: "Kuskemua"
 peenadhi_area: "Peenadhi"
 prikoyol_area: "Prikoyol"
 qermaqan_area: "Qermaqan"
 yukaron_area: "Yukaron"
 yukaroyol_area: "Yukaroyol"
 yuurarila_area: "Yuuralilä"
 # Region: west_forbidden_plains_region
 adoi_filaenan_area: "Adoi Fileanan"
 alrodgaersp_area: "Alrodgaersp"
 cahuteaghud_area: "Cahüteaghud"
 caubheameas_area: "Caubheameas"
 codormalul_area: "Codörmalül"
 foirakhian_area: "Foirakhian"
 naglaibar_area: "Naglaibar"
 salrun_goilust_area: "Salrun Goilust"
 taegansegh_area: "Taegansegh"
 ugheabar_area: "Ugheabar"
 # Region: yyl_moista_region
 central_moitsa_area: "Central Möitsa"
 eternal_winter_area: "Eternal Winter"
 far_moitsa_area: "Far Möitsa"
 moitsa_siiv_area: "Möitsa Siiv"
 moitsahdi_area: "Möitsahdi"
 moitsraj_area: "Möitsraj"
 sochuleag_area: "Sochuleag"
 yyl_moitsa_deep_area: "Deep Yyl Möitsa"
 yyl_moitsa_east_area: "Yyl Möitsa East"
 ## Superregion: gozengun_superregion
 # Region: gowon_region
 durigasal_area: "Durigasal"
 geuneulsup_area: "Geuneulsup"
 jangaram_area: "Jan'garam"
 nakseseom_area: "Nakseseom"
 neobunteo_area: "Neobunteo"
 ondeok_area: "Ondeok"
 piryukka_area: "Piryukka"
 # Region: khaashalg_region
 bazuniezar_area: "Bazuniezar"
 chaneuusk_area: "Chaneuusk"
 chunguvho_area: "Chunguvho"
 churgyund_area: "Chürgyund"
 four_peaks_area: "Four Peaks"
 huujoolgin_area: "Huujoolgin"
 iron_gate_area: "Iron Gate"
 northern_peaks_area: "Northern Peaks"
 rushing_river_area: "Rushing River"
 southern_shield_area: "Southern Shield"
 yulunshoon_area: "Yulunshoon"
 # Region: moduk_region
 bagdagerin_area: "Bagdagerin"
 dolshob_area: "Dolshob"
 kokevdan_area: "Kokevdan"
 mogomorin_area: "Mogomorin"
 nurboesig_area: "Nurboesig"
 red_vale_area: "Red Vale"
 tuusbulak_area: "Tuusbulak"
 # Region: nomsyulhan_region
 ascension_plateau_area: "Ascension Plateau"
 desolate_plains_area: "Desolate Plains"
 iona_saothar_area: "Iona Saothar"
 lock_tormscith_area: "Loch Tormscith"
 nomsyulhan_portal_area: "Nomsyulhan"
 overgrowth_area: "Overgrowth"
 portal_east_area: "Portal East"
 portal_west_area: "Portal West"
 sanctuary_area: "Sanctuary"
 sand_gate_area: "Sand Gate"
 three_mountains_valley_area: "Three Mountains Valley"
 # Region: shuvuushudi_region
 baztazhad_area: "Baztazhad"
 chegorgtai_area: "Chegorgtai"
 choogiaza_area: "Choogiaza"
 joolgimudi_area: "Joolgimudi"
 kheizavho_area: "Kheizavho"
 yunghuun_area: "Yunghuun"
 zhunmudi_area: "Zhunmudi"
 zirariik_area: "Zirariik"
 zunkazhad_area: "Zunkazhad"
 ## Superregion: rahen_superregion
 # Region: dhujat_region
 banjiraal_area: "Banjiraal"
 banjisbid_area: "Banjisbid"
 buhaanjirgal_area: "Buhaanjirgal"
 dhurajaghan_area: "Dhurajaghan"
 ghavaghuundakhan_area: "Ghavaghuundakhan"
 khiraspid_area: "Khiraspid"
 khirnadhiman_area: "Khirnadhiman"
 kramitra_area: "Kramitra"
 maharaaja_area: "Maharaaja"
 maldeelakhan_area: "Maldeelakhan"
 phangban_area: "Phangban"
 rangadevi_area: "Rangadevi"
 sarisung_area: "Sarisung"
 semphrerong_area: "Semphrerong"
 thadarsaghol_area: "Thadarsaghol"
 tughayasa_area: "Tughayasa"
 # Region: rahen_coast_region
 ascension_cape_area: "Ascension Cape"
 avhavubhiya_area: "Avhavubhiya"
 bharagha_area: "Bharagha"
 cmor_krueng_area: "Cmor Krueng"
 dhenbasana_estuary_area: "Dhenbasana Estuary"
 harimars_cradle_area: "Harimar's Cradle"
 inner_rahen_area: "Inner Rahen"
 kharunyana_estuary_area: "Kharunyana Estuary"
 khindi_area: "Khindi"
 li_btei_area: "Li Btei"
 lower_dhenbasana_area: "Lower Dhenbasana"
 lower_telebei_area: "Lower Telebei"
 middle_dhenbasana_area: "Middle Dhenbasana"
 reanthung_area: "Reanthung"
 rhamirta_area: "Rhamirta"
 sarkhashabid_area: "Sarkhashabid"
 satarsaya_area: "Satarsaya"
 shenral_area: "Shenral"
 tujgal_area: "Tujgal"
 # Region: rakhadesh_region
 babhagama_area: "Babhagama"
 ghattub_area: "Ghattub"
 middle_ghankedhen_area: "Middle Ghankedhen"
 north_ghankedhen_area: "North Ghankedhen"
 pasiragha_area: "Pasiragha"
 setabura_area: "Setabura"
 south_ghankedhen_area: "South Ghankedhen"
 south_marutha_area: "South Marutha"
 upper_dhenbasana_area: "Upper Dhenbasana"
 # Region: shamakhad_region
 bidhilar_area: "Bidhilar"
 east_rajnadhaga_area: "East Rajnadhaga"
 ghatasak_area: "Ghatasak"
 khadirnadi_area: "Khadirnadi"
 khadisrapur_area: "Khadisrapur"
 khamarutar_area: "Khamarutar"
 khasardul_area: "Khasardul"
 kradhungur_area: "Kradhungur"
 marudhoj_area: "Marudhoj"
 middle_nadimraj_area: "Middle Nadimraj"
 munlanan_area: "Munlanan"
 nadida_area: "Nadida"
 nakara_area: "Nakara"
 pharata_area: "Pharata"
 raghajandi_area: "Raghajandi"
 sir_area: "Sir"
 tamvihar_area: "Tamvihar"
 tilathi_area: "Tilathi"
 tiltaghar_area: "Tiltaghar"
 west_rajnadhaga_area: "West Rajnadhaga"
 yodhilakra_area: "Yodhilakra"
 ## Superregion: unknown_asia_superregion
 # Region: unknown_unknown_asia_superregion_region
 unknown_unknown_unknown_asia_superregion_region_area: "UNKNOWN AREA"
 ## Superregion: vimdatrong_superregion
 # Region: bomdan_region
 banhlubei_area: "Banhlubei"
 bim_lau_area: "Bim Lau"
 dekphre_area: "Dekphre"
 khabtei_teleni_area:"Khabtei Teleni"
 khangleu_thuing_area: "Khangleu Thuing"
 khung_btei_area: "Khung Btei"
 middle_telebei_area: "Middle Telebei"
 phaemtuek_area: "Phaemtuek"
 sramolbei_area: "Sramolbei"
 taiver_area: "Taiver"
 # Region: lupulan_rainforest_region
 agluwadai_area: "Agluwadai"
 amkamsek_area: "Amkamsek"
 arawkelin_area: "Arawkelin"
 brenulan_area: "Brenulan"
 gehamteg_area: "Gehamteg"
 gobusoa_area: "Gobusoa"
 harumbasai_area: "Harumbasai"
 hoangdesinh_area: "Hoangdesinh"
 lembiahar_area: "Lembiahar"
 mesatulek_area: "Mesatulek"
 non_chien_area: "Non Chien"
 pingurnsai_area: "Pingurnsai"
 rewirang_area: "Rewirang"
 sawuladan_area: "Sawuladan"
 thuongidut_area: "Thuongidut"
 tlagukit_area: "Tlagukit"
 # Region: ringlet_isles_region
 ginhyut_area: "Ginhyut"
 kiubang_area: "Kiubang"
 leoihoin_area: "Leoihoin"
 lungdou_area: "Lungdou"
 ringlet_isles_1_area: "Storm Breaker Islands"
 ringlet_isles_2_area: "Munggahan Isles"
 # Region: thidinkai_region
 ananhu_area: "Ananhu"
 binhrunghin_area: "Binhrunghin"
 hinphat_area: "Hinphat"
 kaiden_area: "Kaiden"
 kasainam_area: "Kasainam"
 loratana_area: "Loratana"
 nagon_area: "Nagon"
 ngaopho_area: "Ngaopho"
 ngoen_area: "Ngoen"
 nui_phom_area:"Nui Phom"
 phakphon_area: "Phakphon"
 phaktai_area: "Phaktai"
 phonan_area: "Phonan"
 sirtan_area: "Sirtan"
 tamran_ma_area: "Tamran Ma"
 thirabnir_area: "Thirabnir"
 yemakaibo_area: "Yemakaibo"
 # Region: xianjie_region
 aoshan_area: "Aoshan"
 dekaipnam_area: "Dekaipnam"
 jiezhong_area: "Jiezhong"
 jilin_anb_area: "Jilin" 
 pevyirer_area: "P'evyirer"
 qianzhaolin_area: "Qianzhaolin"
 shanyutian_area: "Shanyutian"
 tietyuan_area: "Tietyuan"
 tzingyuan_area: "Tzingyuan"
 wangqiu_area: "Wangqiu"
 zhonglin_area: "Zhonglin"
 ## Superregion: yanshen_superregion
 # Region: demon_hills_region
 mogutian_area: "Mogutian"
 moryokang_area: "Moryokang"
 sugroltona_area: "Sugroltona"
 unbeksu_area: "Unbeksu"
 yambioka_area: "Yambioka"
 # Region: lower_yanshen_region
 erluxi_area: "Erluxi"
 gungi_area: "Gungi"
 hongnguan_area: "Hongnguan"
 hungngon_area: "Hungngon"
 iongsim_area: "Iongsim"
 jinjiang_area: "Jinjiang"
 luoyip_area: "Luoyip"
 mulim_area: "Mulim"
 tianlou_area: "Tianlou"
 wanglam_area: "Wanglam"
 xiyun_area: "Xiyun"
 # Region: north_yanshen_region
 beidugang_area: "Beidugang"
 beikyuan_area: "Beikyuan"
 jiantsiang_area: "Jiantsiang"
 jianzhong_area: "Jianzhong"
 linghui_area: "Linghui"
 liuminxiang_area: "Liuminxiang"
 xuanbing_area: "Xuanbing"
 yiguan_area: "Yiguan"
 # Region: upper_yanshen_region
 anjiang_area: "Anjiang"
 balrijin_area: "Balrijin"
 bianfang_area: "Bianfang"
 bianyuan_area: "Bianyuan"
 jiangszun_area: "Jiangszun"
 jinqiu_area: "Jinqiu"
 jyutsai_area: "Jyutsai"
 lamzung_area: "Lamzung"
 linyuan_area: "Linyuan"
 tianszi_area: "Tianszi"
 yanzhong_area: "Yanzhong"
 ### Continent: debug_continent
 ## Superregion: unknown_debug_continent_superregion
 # Region: unknown_unknown_debug_continent_superregion_region
 unknown_unknown_unknown_debug_continent_superregion_region_area: "UNKNOWN AREA"
 ### Continent: europe
 ## Superregion: deepwoods_portal_superregion
 # Region: deepwoods_portal_region
 deepwoods_portal_area: "Dwhainadbrahin"
 ## Superregion: deepwoods_superregion
 # Region: east_deepwoods_region
 arsydpydru_area: "Arsydpydru"
 ayeth_area: "Ayeth"
 coryllann_area: "Córyllann"
 criodharka_area: "Criódharká"
 dywyael_area: "Dywyáel"
 fealmyraeth_area: "Fealmyraeth"
 ghul_area: "Ghúl"
 gozyest_area: "Gozyest"
 krazho_area: "Krazho"
 lonfarch_area: "Lónfarch"
 scothaear_area: "Scothaéar"
 scothalar_area: "Scothalar"
 yfelorr_area: "Yfelorr"
 # Region: west_deepwoods_region
 cenag_area: "Cenág"
 ciranhofonn_area: "Ciranhofónn"
 ciranmyna_area: "Ciranmyna"
 clirypriah_area: "Clirypríah"
 dennesayrn_area: "Drennesáyrn"
 drennen_area: "Drennen"
 faedayr_area: "Faedayr"
 lebkadu_area: "Leb'kadu"
 prehnryn_area: "Prehnryn"
 sawallar_area: "Sáwellar"
 sawelear_area: "Sáweléar"
 volnudu_area: "Volnudu"
 ## Superregion: escann_superregion
 # Region: daravans_folly_region
 central_dreadmire_area: "Central Dreadmire"
 flooded_coast_area: "Flooded Coast"
 lower_dostanesck_area: "Lower Dostanesck"
 north_dreadmire_area: "North Dreadmire"
 west_dreadmire_area: "West Dreadmire"
 # Region: dostanor_region
 baldostan_area: "Baldostan"
 blackwoods_area: "Blackwoods"
 central_corvuria_area: "Central Corvuria"
 corvurian_plains_area: "Corvurian Plains"
 # Region: inner_castanor_region
 ardent_glade_area: "Ardent Glade"
 bradescker_area: "Bradescker"
 castonath_area: "Castonath"
 clouded_wood_area: "Clouded Wood"
 coalwoud_area: "Coalwoud"
 esshyl_area: "Esshyl"
 lower_nath_area: "Lower Nath"
 nortessord_area: "Nortessord"
 northyl_area: "Northyl"
 nortmere_area: "Nortmere"
 oldhaven_area: "Oldhaven"
 sarwood_area: "Sarwood"
 serpentsmarck_area: "Serpentsmarck"
 southgate_area: "Southgate"
 steelhyl_area: "Steelhyl"
 trialmount_area: "Trialmount"
 upper_nath_area: "Upper Nath"
 westgate_area: "Westgate"
 # Region: ourdia_region
 lencmarck_area: "Lencmarck"
 oudmarck_area: "Oudmarck"
 tencmarck_area: "Tencmarck"
 # Region: south_castanor_region
 banesfork_area: "Banesfork"
 beastgrave_area: "Beastgrave"
 blademarch_area: "Blademarch"
 burnoll_area: "Burnoll"
 catelsvord_area: "Catelsvord"
 clovenwood_area: "Clovenwood"
 devaced_area: "Devaced"
 doewood_area: "Doewood"
 dostans_way_area: "Dostan's Way"
 dryadsdale_area: "Dryadsdale"
 escerfork_area: "Escerfork"
 hornwood_area: "Hornwood"
 humacvord_area: "Humacvord"
 marrhold_area: "Marrhold"
 medirleigh_area: "Medirleigh"
 oudeben_area: "Oudeben"
 oudmerewood_area: "Oudmerewood"
 swapstoke_area: "Swapstoke"
 themin_area: "Themin"
 vernham_area: "Vernham"
 # Region: west_castanor_region
 adenica_area: "Adenica"
 athfork_area: "Athfork"
 balmire_area: "Balmire"
 cannwood_area: "Cannwood"
 ebonmarck_area: "Ebonmarck"
 falsemire_area: "Falsemire"
 merescker_area: "Merescker"
 middle_alen_area: "Middle Alen"
 nortmerewood_area: "Nortmerewood"
 rohibon_area: "Rohibon"
 silvervord_area: "Silvervord"
 taran_plains_area: "Taran Plains"
 upcreek_area: "Upcreek"
 valefort_area: "Valefort"
 verteben_area: "Verteben"
 westwall_approach_area: "Westwall Approach"
 ## Superregion: gerudia_superregion
 # Region: alenic_reach_region
 cedesck_area: "Cedesck"
 coast_of_vics_area: "Coast of Vics"
 east_chillsbay_area: "East Chillsbay"
 gulletpeak_area: "Gulletpeak"
 northern_greatwoods_area: "Northern Greatwoods"
 serpentshead_area: "Serpentshead"
 sondaar_area: "Sondaar"
 vrorenmarch_area: "Vrorenmarch"
 vrorenwall_area: "Vrorenwall"
 west_chillsbay_area: "West Chillsbay"
 wudhal_area: "Wudhal"
 # Region: dalr_region
 bjarnland_area: "Bjarnland"
 blodfjell_area: "Blodfjell"
 dalrfjall_area: "Dalrfjall"
 frossinhjart_area: "Frossinhjart"
 frostbridges_area: "Frostbridges"
 ismark_area: "Ismark"
 revrland_area: "Revrland"
 sidaett_area: "Sidaett"
 varheim_area: "Várheim"
 vestrtaka_area: "Vestrtaka"
 # Region: gerudian_frontier_region
 feigrvegrholt_area: "Feigrvegrholt"
 gifrbygd_area: "Givrbygd"
 gullmork_area: "Gullmork"
 jotunsdalr_area: "Jotunsdalr"
 vaengrheim_area: "Vængrheim"
 zeindalr_area: "Zeindalr"
 # Region: olavlund_region
 elkaesals_slumber_area: "Elkaesal's Slumber"
 esfjall_area: "Esvjall"
 naugsvol_area: "Naugsvol"
 northern_giants_tears_area: "Northern Giants Tears"
 nyrford_area: "Nyrvord"
 olavslund_area: "Olavslund"
 southern_giants_tears_area: "Southern Giants Tears"
 ## Superregion: unknown_europe_superregion
 # Region: unknown_unknown_europe_superregion_region
 unknown_unknown_unknown_europe_superregion_region_area: "UNKNOWN AREA"
 ## Superregion: western_cannor_superregion
 # Region: alenic_frontier_region
 alenic_expanse_area: "Alenic Expanse"
 alenvord_area: "Alenvord"
 arbaran_area: "Arbaran"
 balvord_area: "Balvord"
 beronmoor_area: "Beronmoor"
 cestir_area: "Cestir"
 coddorran_heights_area: "Coddorran Heights"
 gawed_area: "Gawed"
 golden_plains_area: "Golden Plains"
 jonsway_area: "Jonsway"
 moorhills_area: "Moorhills"
 south_alen_area: "South Alen"
 westmoor_proper_area: "Westmoor Proper"
 westmounts_area: "Westmounts"
 # Region: businor_region
 busilar_area: "Busilar"
 busilari_straits_area: "Busilari Straits"
 hapiande_area: "Hapiande"
 isle_of_tef_area: "Isle of Tef"
 khenak_area: "Khenak"
 lorbet_area: "Lorbet"
 mountainway_area: "Mountainway"
 # Region: damescrown_region
 beepeck_area: "Beepeck"
 damescrown_area: "Damescrown"
 derwing_area: "Derwing"
 floodmarches_area: "Floodmarches"
 heartland_borders_area: "Heartland Borders"
 uelaire_area: "Uelaire"
 vertesk_area: "Vertesk"
 # Region: dragon_coast_region
 dragondepth_area: "Dragondepths"
 dragondowns_area: "Dragondowns"
 dragonheart_area: "Dragonheart"
 dragonheights_area: "Dragonheights"
 dragonhills_area: "Dragonhills"
 dragonmaw_area: "Dragonmaw"
 dragonpoint_area: "Dragonpoint"
 dragonspine_area: "Dragonspine"
 gnomish_pass_area: "Gnomish Pass"
 iochand_area: "Iochand"
 lonely_isle_area: "Lonely Isle"
 reaver_coast_area: "Reaver Coast"
 storm_isles_area: "Storm Isles"
 # Region: east_dameshead_region
 damerian_dales_area: "Damerian Dales"
 east_damesear_area: "East Damesear"
 eastneck_area: "Eastneck"
 galeinn_area: "Galéinn"
 heartlands_area: "Heartlands"
 menibor_loop_area: "Menibór Loop"
 middle_luna_area: "Middle Luna"
 silverwoods_area: "Silverwoods"
 the_commons_area: "The Commons"
 upper_luna_area: "Upper Luna"
 verne_area: "Verne"
 west_damesear_area: "West Damesear"
 wyvernmark_area: "Wyvernmark"
 # Region: esmaria_region
 ashfields_area: "Ashfields"
 bennonhill_area: "Bennonhill"
 cann_esmar_area: "Cann Esmar"
 hearthswood_area: "Hearthswood"
 high_esmar_area: "High Esmar"
 konwell_area: "Konwell"
 low_esmar_area: "Low Esmar"
 ryalanar_area: "Ryalanar"
 songbarges_area: "Songbarges"
 # Region: forlorn_vale_region
 cursewood_area: "Cursewood"
 north_ibevar_area: "North Ibevar"
 rotwall_area: "Rotwall"
 south_ibevar_area: "South Ibevar"
 teagansfield_area: "Teagansfield"
 whistlevale_area: "Whistlevale"
 # Region: lencenor_region
 darom_area: "Darom"
 deranne_area: "Deranne"
 east_ruby_mountains_area: "East Ruby Mountains"
 eastern_winebay_area: "Eastern Winebay"
 ionnidar_area: "Ionnidar"
 lower_bloodwine_area: "Lower Bloodwine"
 lower_winebay_area: "Lower Winebay"
 northern_flats_area: "Northern Flats"
 redglades_area: "Redglades Forest"
 shrouded_coast_area: "Shrouded Coast"
 sorncost_vines_area: "Sorncóst Vines"
 sornhills_area: "Sornhills"
 southern_flats_area: "Southern Flats"
 southroy_area: "Southroy"
 upper_bloodwine_area: "Upper Bloodwine"
 upper_winebay_area: "Upper Winebay"
 venail_area: "Venáil"
 west_ruby_mountains_area: "West Ruby Mountains"
 # Region: small_country_region
 applefields_area: "Applefields"
 lorenans_reach_area: "Lorenan's Reach"
 lorentish_approach_area: "Elkmarch"
 norley_area: "Norley"
 pearpoint_area: "Pearpoint"
 roysfort_area: "Roysfort"
 the_borders_area: "Homehills"
 thomsbridge_area: "Thomsbridge"
 viswall_area: "Viswall"
 # Region: the_borders_region
 antir_drop_area: "Antir Drop"
 arannen_area: "Arannen"
 east_bisan_area: "East Bisan"
 eastborders_area: "Eastborders"
 gisden_area: "Gisden"
 gnollsgate_area: "Gnollsgate"
 greater_bardswood_area: "Greater Bardswood"
 hawkfields_area: "Hawkfields"
 highcliff_area: "Highcliff"
 ottocam_area: "Ottocam"
 rhinmond_area: "Rhinmond"
 west_bisan_area: "West Bisan"
 wexhills_area: "Wexhills"
 # Region: west_dameshead_region
 carneteria_area: "Carneteria"
 damespearl_area: "Damespearl"
 exwes_area: "Exwes"
 neckcliffe_area: "Neckcliffe"
 pearlywine_area: "Pearlywine"
 tretunica_area: "Tretun"
 wesdam_area: "Wesdam"
 windtower_area: "Windtower"
 woodwell_area: "Woodwell"
 ### Continent: north_america
 ## Superregion: broken_lands_superregion
 # Region: broken_isles_region
 cymailean_area: "Cymáilean"
 ledtocin_area: "Ledtocin"
 morail_area: "Móráil"
 reithemar_area: "Reithemar"
 themaria_area: "Themaria"
 zamrobst_area: "Zamrobst"
 # Region: dalaire_region
 arbcost_area: "Arbcóst"
 baidhvar_area: "Baidhvar"
 casnallin_area: "Casnallin"
 eabhagahm_area: "Eabhagahm"
 fionveren_area: "Fionveren"
 flottnord_area: "Flottnord"
 frondvagr_area: "Fröndvágr"
 glowing_eye_wood_area: "Glowing-Eye Wood"
 klakutleg_area: "Klakutleg"
 molbrotio_area: "Mölbrotið"
 nyhofn_area: "Nýhöfn"
 sjavarrust_area: "Sjávarrúst"
 stalwart_outpost_area: "Stalwart Outpost"
 teirawood_border_area: "Teirawood Border"
 throngrpuntur_area: "Thröngrpuntur"
 # Region: forest_of_the_cursed_ones_region
 arrzreth_area: "Arrzreth"
 baschykha_area: "Baschykha"
 dewkeanebl_area: "Dewkeanebl"
 hehadepar_area: "Hehadepar"
 kewdhemr_area: "Kewdhemr"
 whetjul_area: "Whetjul"
 zemshogen_area: "Zemshogen"
 ## Superregion: eordand_superregion
 # Region: domandrod_region
 domandrod_central_glade_area: "Ceithparras"
 domandrod_gladeway_1_area: "Gemradglac"
 domandrod_gladeway_2_area: "Sarmadglac"
 domandrod_gladeway_3_area: "Arragglac"
 domandrod_gladeway_4_area: "Fogarglac"
 domandrod_portal_area: "Orradcolle"
 # Region: glorelthir_region
 darhan_area: "Darhan"
 drisleak_area: "Drisleak"
 iadth_area: "Iadth"
 monkast_area: "Monkast"
 raithlos_area: "Raithlos"
 ruigfar_area: "Ruigfar"
 sglolad_area: "Sglolad"
 trasand_area: "Trasand"
 # Region: randrunnse_region
 anholtir_area: "Anholtir"
 armonadh_area: "Armonadh"
 dartir_area: "Dartir"
 earegasach_area: "Earegasach" 
 fardach_area: "Fardach"
 fogharbac_area: "Fogharbac"
 galbhan_area: "Galbhan"
 gemradcurt_area: "Gemradcurt"
 jhorgashirr_area: "Jhorgashirr"
 medhan_area: "Medhan"
 tamharcroc_area: "Tamharcroc"
 trimgarb_area: "Trimgarb"
 # Region: sarmadfar_region
 anracmur_area: "Anracmur"
 ardrealt_area: "Ardrealt" 
 cialliande_area: "Cialliande"
 dearktir_area: "Dearktir"
 dubpar_area: "Dubpar"
 eorwestislands_area: "Eor Islands"
 fogracleak_area: "Fogracleak"
 gaenosca_area: "Gaenosca"
 gathgob_area: "Gathgob"
 murdkather_area: "Murdkather"
 paskala_area: "Paskala"
 pelodard_area: "Pelodard"
 saregasach_area: "Saregasach" 
 serakriok_area: "Serakriok"
 sidmargbal_area: "Sidmargbal"
 toreiel_area: "Toreiel"
 trimthir_area: "Trimthir"
 ## Superregion: ruin_proper_superregion
 # Region: bloodgroves_region
 bloodbrook_area: "Bloodbrook"
 inner_groves_area: "Inner Groves"
 middle_sella_area: "Middle Sella"
 moonblood_forest_area: "Moonblood Forest"
 nurthannkost_area: "Nurthannkost"
 red_coast_area: "Red Coast"
 south_dalaire_area: "South Dalaire"
 south_dalairey_coast_area: "South Dalairey Coast"
 # Region: endralliande_region
 arca_falaine_area: "Arca Falainé"
 cape_of_endral_area: "Cape of Endral"
 dancing_sisters_area: "Dancing Sisters"
 endralvar_area: "Endralvar"
 hazelands_area: "Hazelands"
 hibiscus_vale_area: "Hibiscus Vale"
 lastsight_islands_area: "Lastsight Islands"
 north_obaithail_area: "North Obaitháil"
 northern_bluff_area: "Northern Bluff"
 red_harbor_area: "Red Harbor"
 seaway_corridor_area: "Seaway Corridor"
 silent_fields_area: "Silent Fields"
 south_obaithail_area: "South Obaitháil"
 vestige_coast_area: "Vestige Coast"
 # Region: north_ruined_isles_region
 fiorgram_island_area: "Fiorgam Island"
 silsenald_isles_area: "Silsensald Isles"
 # Region: reapers_coast_region
 cheshosh_area: "Cheshosh"
 deathweights_area: "Deathweights"
 dihen_jungle_area: "Dihen Jungle"
 maskport_area: "Maskport"
 the_graveroads_area: "The Graveroads"
 # Region: trollsbay_region
 boek_river_area: "Boek River"
 cestirmark_area: "Cestirmark"
 coast_of_isobel_area: "Coast of Isobel"
 greywood_area: "Greywood"
 laneksfield_area: "Laneksfield"
 marlliande_area: "Marlliande"
 new_varlosen_area: "New Varlosen"
 okhiboli_area: "Okhiboli"
 spoorland_area: "Spoorland"
 tahaneksom_area: "Tehaneksom"
 thilvis_area: "Thílvis"
 trollhair_woods_area: "Trollhair Woods"
 trollsmaw_swamp_area: "Trollsmaw Swamp"
 umuhit_area: "Umuhit"
 valorpoint_area: "Valorpoint"
 vincenton_area: "Vincenton"
 yanekin_area: "Yanekin"
 ynnsmouth_area: "Ynnsmouth"
 zanlib_area: "Zanlib"
 # Region: ravenous_isle_region
 faliltcost_area: "Fáliltcóst"
 sanctuary_fields_area: "Sanctuary Fields"
 silvertennar_area: "Silvertennar"
 varionail_area: "Varionáil"
 # Region: ruined_isles_region
 breccia_peaks_area: "Breccia Peaks"
 dry_trickster_isle_area: "Dry Trickster Isle"
 great_tussock_area: "Great Tussock"
 isles_of_plenty_area: "Isles of Plenty"
 mykx_isles_area: "Garpix Mykx"
 pirendral_area: "Pirendral"
 saamirses_area: "Saamiršes"
 the_bend_area: "The Bend"
 torrisheah_area: "Torrisheáh"
 unstill_waters_area: "Unstill Waters"
 verten_area: "Verten"
 wanderers_gate_area: "Wanderer's Gate"
 wet_trickster_isle_area: "Wet Trickster Isle"
 ## Superregion: torn_gates_superregion
 # Region: haraf_region
 auvultadih_area: "Auvul'tadih"
 cuecuaden_area: "Cuecuaden"
 drabs_cambann_area: "Drabs Cambann"
 eekinahi_area: "E'e'kinahi"
 gommiochand_area: "Gommiochand"
 kinn_rondi_area: "Kinn Rondi"
 koonbepa_area: "Koonbepa"
 manguchtec_area: "Manguchtec"
 manquitencos_area: "Manquitencos"
 mestikardu_area: "Mestikardu"
 mikidaxepi_area: "Mik'idaxepi"
 mtzacuala_yolli_area: "Mtzacuala Yolli"
 naftlachilar_area: "Naftlachilar"
 pontuzex_area: "Pontuzex"
 taldoud_kaysa_area: "Taldoud Kaysa"
 tameter_area: "Tameter"
 the_tokal_area: "The Tokal"
 tilsikabahn_area: "Tilsi'kabahn"
 tumbatin_xochibar_area: "Tumbatin Xochibar"
 xochibarcel_quixo_area: "Xochibarcel Quixo"
 zurzumexia_area: "Zurzumexia"
 # Region: tor_nayyi_region
 guardian_islands_area: "Guardian Islands"
 torn_isles_area: "Torn Isles"
 east_vanburia_area: "East Vanburia"
 north_vanburia_area: "North Vanburia"
 scattered_islands_area: "Scattered Islands"
 west_vanburia_area: "West Vanburia"
 # Region: amadia_region
 borawid_area: "Borawíd"
 bronrin_area: "Bronrín"
 candoos_area: "Candoos"
 chaiwafmul_area: "Chaiwafmúl"
 chaka_nelir_area: "Chaka Nelir"
 chamguin_area: "Chamguin"
 cherimreit_area: "Chérimreit"
 chuesnel_area: "Chuésnel"
 claltrun_area: "Claltrun"
 culefchas_area: "Culefchas"
 cymbeahn_area: "Cymbeahn"
 harenaine_area: "Harenainé"
 lower_munasin_area: "Lower Munasin"
 nur_damenath_area: "Núr Damenath"
 oomu_nelir_area: "Oomu Nelir"
 paiss_siqum_area: "Páiss Síqúm"
 silvegor_area: "Silvegór"
 siquoomul_area: "Síqúoomul"
 trichas_area: "Tríchas"
 upper_munasin_area: "Upper Munasin"
 wertunbe_area: "Wertunbe"
 ## Superregion: unknown_north_america_superregion
 # Region: unknown_unknown_north_america_superregion_region
 unknown_unknown_unknown_north_america_superregion_region_area: "UNKNOWN AREA"
 ## Superregion: ynn_superregion
 # Region: dolindha_region
 amacimst_area: "Amacimst"
 arganjuzorn_area: "Arganjuzorn"
 bosancovac_area: "Bosancovac"
 brelar_area: "Brelar"
 drevonsred_area: "Drevonsred"
 ebenmas_area: "Ebenmas"
 grebniesth_area: "Grebniesth"
 malacnar_area: "Malacnar"
 mocvare_area: "Mocvare"
 trojvare_area: "Trojvare"
 # Region: ekyunimoy_region
 aiyudopan_area: "Aiyudopan" 
 cialeed_area: "Cialeed" 
 mokumoy_area: "Mokumoy" 
 tamsokh_area: "Tamsokh" 
 # Region: epednan_expanse_region
 boruleed_area: "Boruleed"
 ciodsibh_area: "Ciodsibh"
 enasumpa_area: "Enasumpa"
 kehtauk_area: "Kehtauk"
 moyquin_area: "Moyquin"
 paihubi_area: "Paihubi"
 pomvasonn_area: "Pomvasonn"
 uruksokh_area: "Uruksokh"
 wohya_area: "Wohya"
 yanudahna_area: "Yanudahna"
 # Region: rzenta_region
 arkchgozhar_area: "Arkchgozhar"
 azodsengha_area: "Azodsengha"
 drozmajaivn_area: "Drozmajaivn"
 juzondezan_area: "Juzondezan"
 munapeim_area: "Munapeim"
 svemel_area: "Svemel"
 # Region: sarda_region
 adbrabohvi_area: "Adbrabohvi"
 arverynn_area: "Arverynn"
 atawakitsu_area: "Atawakitsu"
 fenisokhna_area: "Fenisokhna"
 hor_velenynn_area: "Hor Velenynn"
 hradapolere_area: "Hradapolere"
 hradavezl_area: "Hradavezl"
 kaztakri_area: "Kaztakri"
 nizelynn_area: "Nizelynn"
 tukhpud_area: "Tukhpud"
 ynncytr_area: "Ynncytr"
 ynnluka_area: "Ynnluka"
 # Region: veykoda_region
 argezvale_area: "Argezvale"
 aryamer_area: "Aryamer"
 atarylnn_area: "Atarylnn"
 corinsfield_area: "Corinsfield"
 favesrinn_area: "Favesrinn"
 kestadan_area: "Kestadan"
 osindain_area: "Osindain"
 ### Continent: oceania
 ## Superregion: hinuilands_superregion
 # Region: titanoflora_forests_region
 ahini_kimo_area: "Ahini Kimo"
 alaputai_area: "Alaputai"
 arihan_area: "Arihan"
 hahakata_area: "Hahakata"
 kanahehi_area: "Kanahehi"
 korawaw_area: "Korawaw"
 manuata_area: "Manuata"
 matehunu_area: "Matehunu"
 mohanoworo_area: "Mohanoworo"
 pitoho_area: "Pitoho"
 turuputai_area: "Turuputai"
 wakataputai_area: "Wakataputai"
 whakahamanu_area: "Whakahamanu"
 woromanuwa_area: "Woromanuwa"
 # Region: titanoflora_lakelands_region
 titanoflora_lakelands_10_area: "Titanoflora Lakelands Area 10"
 titanoflora_lakelands_11_area: "Titanoflora Lakelands Area 11"
 titanoflora_lakelands_12_area: "Titanoflora Lakelands Area 12"
 titanoflora_lakelands_13_area: "Titanoflora Lakelands Area 13"
 titanoflora_lakelands_14_area: "Titanoflora Lakelands Area 14"
 titanoflora_lakelands_15_area: "Titanoflora Lakelands Area 15"
 titanoflora_lakelands_16_area: "Titanoflora Lakelands Area 16"
 titanoflora_lakelands_1_area: "Titanoflora Lakelands Area 1"
 titanoflora_lakelands_2_area: "Titanoflora Lakelands Area 2"
 titanoflora_lakelands_3_area: "Titanoflora Lakelands Area 3"
 titanoflora_lakelands_4_area: "Titanoflora Lakelands Area 4"
 titanoflora_lakelands_5_area: "Titanoflora Lakelands Area 5"
 titanoflora_lakelands_6_area: "Titanoflora Lakelands Area 6"
 titanoflora_lakelands_7_area: "Titanoflora Lakelands Area 7"
 titanoflora_lakelands_8_area: "Titanoflora Lakelands Area 8"
 titanoflora_lakelands_9_area: "Titanoflora Lakelands Area 9"
 # Region: titanoflora_riverlands_region
 titanoflora_riverlands_10_area: "Titanoflora Riverlands Area 10"
 titanoflora_riverlands_11_area: "Titanoflora Riverlands Area 11"
 titanoflora_riverlands_12_area: "Titanoflora Riverlands Area 12"
 titanoflora_riverlands_13_area: "Titanoflora Riverlands Area 13"
 titanoflora_riverlands_14_area: "Titanoflora Riverlands Area 14"
 titanoflora_riverlands_15_area: "Titanoflora Riverlands Area 15"
 titanoflora_riverlands_16_area: "Titanoflora Riverlands Area 16"
 titanoflora_riverlands_17_area: "Titanoflora Riverlands Area 17"
 titanoflora_riverlands_1_area: "Titanoflora Riverlands Area 1"
 titanoflora_riverlands_2_area: "Titanoflora Riverlands Area 2"
 titanoflora_riverlands_3_area: "Titanoflora Riverlands Area 3"
 titanoflora_riverlands_4_area: "Titanoflora Riverlands Area 4"
 titanoflora_riverlands_5_area: "Titanoflora Riverlands Area 5"
 titanoflora_riverlands_6_area: "Titanoflora Riverlands Area 6"
 titanoflora_riverlands_7_area: "Titanoflora Riverlands Area 7"
 titanoflora_riverlands_8_area: "Titanoflora Riverlands Area 8"
 titanoflora_riverlands_9_area: "Titanoflora Riverlands Area 9"
 ## Superregion: kanolowele_superregion
 # Region: anakae_region
 hakapai_area: "Hakapai"
 hopilina_area: "Hopilina"
 kahiyotl_area: "Kahiyotl"
 nalokai_area: "Nalokai"
 pakaiomiko_area: "Pakai'‡miko"
 # Region: anakuele_region
 honukapwa_area: "Honukapwa"
 ipukaleawe_area: "Ipukaleawe"
 kaukaika_area: "Kaukaika"
 kealakys_halimo_area: "Kealakys Halimo"
 kiamokae_area: "Kiamoka'e"
 kona_iwiiwi_area: "Kona Iwi'iwi"
 koolau_iwiiwi_area: "Ko'olau Iwi'iwi"
 lilonau_area: "Lilon€u"
 mokailana_area: "Mokailana"
 momoku_area: "Momoku"
 paekapelami_area: "Pae'kapelami"
 pahu_o_mano_area: "P€hu o Man‡"
 pukamana_area: "Pukamana"
 uchaimauna_area: "Ucha'imauna"
 # Region: cotlkae_region
 cahuipalco_area: "Cahuipalco"
 homanaya_area: "Homanaya"
 kalatmele_hueyac_area: "Kalatmele Hueyac"
 metztonalhona_area: "Metztonalhona"
 pilicxiotli_area: "Pilicxiotli"
 quizatakua_area: "Quizatakua"
 yahou_lapahtol_area: "Yahou Lapahtol"
 # Region: great_plateau_region
 beragata_area: "Beregata"
 betrarite_area: "Betrarite"
 darawatdimi_area: "Darawatdimi"
 dirumain_area: "Dirumain"
 gegebou_area: "Geg©bou"
 kaepedi_area: "Kaepedi"
 otubar_area: "Ot‹bar"
 ragadurari_area: "Ragadurari"
 tekaberi_area: "Tekaberi"
 tekarari_area: "Tekarari"
 watibetrar_area: "Watibetrar"
 # Region: insyaan_mushroom_forest_region
 golodhuinga_area: "Golodhuinga"
 puhutua_area: "P‹hutua"
 taoropari_area: "T€oropari"
 # Region: yanacotlele_region
 hapalinaina_area: "Hapli'naina"
 kiaxipalco_area: "Kiaxipalco"
 muatlaqua_area: "Muatlaqua"
 nazule_area: "Nazule"
 pulekohu_area: "Pulekohu"
 quahopilo_area: "Quahopilo"
 satriaalam_area: "Satriaalam"
 taupotzalpan_area: "Taupotzalpan"
 wachiquilli_area: "Wachiquilli"
 yakautla_area: "Yakautla"
 ## Superregion: south_insyaa_superregion
 # Region: central_charkuchar_region
 central_charkuchar_10_area: "Central Charkuchar Area 10"
 central_charkuchar_11_area: "Central Charkuchar Area 11"
 central_charkuchar_1_area: "Central Charkuchar Area 1"
 central_charkuchar_2_area: "Central Charkuchar Area 2"
 central_charkuchar_3_area: "Central Charkuchar Area 3"
 central_charkuchar_4_area: "Central Charkuchar Area 4"
 central_charkuchar_5_area: "Central Charkuchar Area 5"
 central_charkuchar_6_area: "Central Charkuchar Area 6"
 central_charkuchar_7_area: "Central Charkuchar Area 7"
 central_charkuchar_8_area: "Central Charkuchar Area 8"
 central_charkuchar_9_area: "Central Charkuchar Area 9"
 # Region: east_charkuchar_region
 east_charkuchar_1_area: "East Charkuchar Area 1"
 east_charkuchar_2_area: "East Charkuchar Area 2"
 east_charkuchar_3_area: "East Charkuchar Area 3"
 east_charkuchar_4_area: "East Charkuchar Area 4"
 east_charkuchar_5_area: "East Charkuchar Area 5"
 east_charkuchar_6_area: "East Charkuchar Area 6"
 east_charkuchar_7_area: "East Charkuchar Area 7"
 east_charkuchar_8_area: "East Charkuchar Area 8"
 # Region: horn_of_insyaa_region
 horn_of_insyaa_1_area: "Horn of Insyaa Area 1"
 horn_of_insyaa_2_area: "Horn of Insyaa Area 2"
 horn_of_insyaa_3_area: "Horn of Insyaa Area 3"
 horn_of_insyaa_4_area: "Horn of Insyaa Area 4"
 # Region: malogadin_coast_region
 malogadin_coast_1_area: "Malogadin Coast Area 1"
 malogadin_coast_2_area: "Malogadin Coast Area 2"
 malogadin_coast_3_area: "Malogadin Coast Area 3"
 # Region: south_charkuchar_region
 south_charkuchar_1_area: "South Charkuchar Area 1"
 south_charkuchar_2_area: "South Charkuchar Area 2"
 south_charkuchar_3_area: "South Charkuchar Area 3"
 south_charkuchar_4_area: "South Charkuchar Area 4"
 south_charkuchar_5_area: "South Charkuchar Area 5"
 south_charkuchar_6_area: "South Charkuchar Area 6"
 south_charkuchar_7_area: "South Charkuchar Area 7"
 # Region: tagaala_mangroves_region
 fataulu_telemanu_area: "Fataulu Telemanu"
 manavalagi_area: "Manavalagi"
 uluai_felloai_area: "Uluai Felloai"
 votuli_matumanu_area: "Votuli Matumanu"
 # Region: titanoflora_savanna_region
 titanoflora_savanna_10_area: "Titanoflora Savanna Area 10"
 titanoflora_savanna_11_area: "Titanoflora Savanna Area 11"
 titanoflora_savanna_12_area: "Titanoflora Savanna Area 12"
 titanoflora_savanna_1_area: "Titanoflora Savanna Area 1"
 titanoflora_savanna_2_area: "Titanoflora Savanna Area 2"
 titanoflora_savanna_3_area: "Titanoflora Savanna Area 3"
 titanoflora_savanna_4_area: "Titanoflora Savanna Area 4"
 titanoflora_savanna_5_area: "Titanoflora Savanna Area 5"
 titanoflora_savanna_6_area: "Titanoflora Savanna Area 6"
 titanoflora_savanna_7_area: "Titanoflora Savanna Area 7"
 titanoflora_savanna_8_area: "Titanoflora Savanna Area 8"
 titanoflora_savanna_9_area: "Titanoflora Savanna Area 9"
 # Region: titanoflora_valley_region
 titanoflora_valley_1_area: "Titanoflora Valley Area 1"
 titanoflora_valley_2_area: "Titanoflora Valley Area 2"
 # Region: west_charkuchar_region
 west_charkuchar_1_area: "West Charkuchar Area 1"
 west_charkuchar_2_area: "West Charkuchar Area 2"
 west_charkuchar_3_area: "West Charkuchar Area 3"
 west_charkuchar_4_area: "West Charkuchar Area 4"
 west_charkuchar_5_area: "West Charkuchar Area 5"
 west_charkuchar_6_area: "West Charkuchar Area 6"
 west_charkuchar_7_area: "West Charkuchar Area 7"
 west_charkuchar_8_area: "West Charkuchar Area 8"
 west_charkuchar_9_area: "West Charkuchar Area 9"
 # Region: west_insyaan_lowlands_region
 west_insyaan_lowlands_10_area: "West Insyaan Lowlands Area 10"
 west_insyaan_lowlands_1_area: "West Insyaan Lowlands Area 1"
 west_insyaan_lowlands_2_area: "West Insyaan Lowlands Area 2"
 west_insyaan_lowlands_3_area: "West Insyaan Lowlands Area 3"
 west_insyaan_lowlands_4_area: "West Insyaan Lowlands Area 4"
 west_insyaan_lowlands_5_area: "West Insyaan Lowlands Area 5"
 west_insyaan_lowlands_6_area: "West Insyaan Lowlands Area 6"
 west_insyaan_lowlands_7_area: "West Insyaan Lowlands Area 7"
 west_insyaan_lowlands_8_area: "West Insyaan Lowlands Area 8"
 west_insyaan_lowlands_9_area: "West Insyaan Lowlands Area 9"
 ## Superregion: unknown_oceania_superregion
 # Region: unknown_unknown_oceania_superregion_region
 unknown_unknown_unknown_oceania_superregion_region_area: "UNKNOWN AREA"
 ### Continent: serpentspine
 ## Superregion: east_serpentspine_superregion
 # Region: jade_mines_region
 blastcrack_area: "Blastcrack"
 dromak_area: "Dromak"
 dromak_pass_area: "Dromak Pass"
 dwarovrod_66_68_area: "Dwarovrod |66-68|"
 dwarovrod_71_74_area: "Dwarovrod |71-74|"
 dwarovrod_75_78_area: "Dwarovrod |75-78|"
 dwarovrod_79_81_area: "Dwarovrod |79-81|"
 goblinwarrens_area: "Goblinwarrens"
 gronstunad_area: "Grônstunad"
 jadeforges_area: "Jadeforges"
 jazka_area: "Jazka"
 the_back_tunnels_area: "The Back Tunnels"
 the_flank_area: "The Flank"
 tuwad_area: "Tuwad"
 tuwad_pass_area: "Tuwad Pass"
 # Region: tree_of_stone_region
 ambermine_alley_area: "Ambermine Alley"
 anduz_area: "Anduz"
 drunken_pass_area: "Drunken Pass"
 dwarovrod_45_48_area: "Dwarovrod |45-48|"
 dwarovrod_51_53_area: "Dwarovrod |51-53|"
 dwarovrod_57_59_area: "Dwarovrod |57-59|"
 dwarovrod_63_65_area: "Dwarovrod |63-65|"
 earthseed_area: "Earthseed"
 grozumdihr_area: "Grôzumdihr"
 hovezan_pass_area: "Hovezan Pass"
 hul_az_krakazol_area: "Hul-az-Krakazol"
 ibran_pass_area: "Ibran Pass"
 kanzad_area: "Kanzad"
 ovdal_az_an_area: "Ovdal-az-Ân"
 sulimak_area: "Sulimak"
 the_kariats_area: "The Kariats"
 ## Superregion: unknown_serpentspine_superregion
 # Region: unknown_unknown_serpentspine_superregion_region
 unknown_unknown_unknown_serpentspine_superregion_region_area: "UNKNOWN AREA"
 ## Superregion: west_serpentspine_superregion
 # Region: middle_dwarovar_region
 deep_ones_lair_area: "Deep One's Lair"
 diggers_road_area: "Digger's Road"
 dwarovrod_27_29_area: "Dwarovrod |27-29|"
 dwarovrod_30_32_area: "Dwarovrod |30-32|"
 dwarovrod_33_35_area: "Dwarovrod |33-35|"
 dwarovrod_38_41_area: "Dwarovrod |38-41|"
 goblin_grotto_area: "Goblin Grotto"
 greatcavern_area: "Greatcavern"
 hehos_legacy_area: "Heho's Legacy"
 misty_cave_trail_area: "Misty Cave Trail"
 ozumbrog_area: "Ozumbrog"
 seghdihr_area: "Seghdihr"
 steamsource_area: "Steamsource"
 stunad_kradoz_area: "Stunad Kradoz"
 ulagom_area: "Ulagom"
 vazumbrog_area: "Vazumbrog"
 verkal_gulan_area: "Verkal Gulan"
 xazor_area: "Xazor"
 # Region: northern_pass_region
 dwaroval_area: "Dwaroval"
 fyllstyn_area: "Fýllstýn"
 hidden_respite_area: "Hidden Respite"
 hjyrtsikki_area: "Hjýrtsikki"
 lonely_mountains_area: "Lonely Mountains"
 lower_logr_area: "Lower Logr"
 middle_logr_area: "Middle Logr"
 tanning_valley_area: "Tanning Valley"
 the_copperwood_area: "The Copperwood"
 upper_logr_area: "Upper Logr"
 # Region: serpentreach_region
 arg_ordstun_area: "Arg-Ôrdstun"
 argrod_14_16_area: "Argrod |14-16|"
 argrod_6_8_area: "Argrod |6-8|"
 argrod_9_11_area: "Argrod |9-11|"
 argrod_junction_area: "Argrod Junction"
 argrod_origin_area: "Argrod Origin"
 buradforge_area: "Bûradforge"
 gor_burad_area: "Gor Bûrad"
 kings_caverns_area: "King's Caverns"
 north_altar_area: "North Altar"
 orlghelovar_area: "Orlghelovar"
 ovdal_lodhum_area: "Ovdal Lodhum"
 shazstundihr_area: "Shazstundihr"
 shroomfissure_area: "Shroomfissure"
 south_altar_area: "South Altar"
 still_caverns_area: "Still Caverns"
 stunad_skomdihr_area: "Stunad Skomdihr"
 thievesbane_area: "Thievesbane"
 zarn_area: "Zarn"
 # Region: serpents_vale_region
 assembly_terrace_area: "Assembly Terrace"
 castle_hill_area: "Castle Hill"
 common_terrace_area: "Common Terrace"
 royal_terrace_area: "Royal Terrace"
 # Region: west_dwarovar_region
 amldihr_area: "Amldihr"
 anvils_horn_area: "Anvil's Horn"
 azmak_area: "Azmak"
 broken_dagger_pass_area: "Broken Dagger Pass"
 chainlink_mines_area: "Chainlink Mines"
 dagrinrod_13_15_area: "Dagrinrod |13-15|"
 dagrinrod_4_6_area: "Dagrinrod |4-6|"
 dagrinrod_7_9_area: "Dagrinrod |7-9|"
 dagrite_depths_area: "Dagrite Depths"
 dark_depths_area: "Dark Depths"
 dead_end_tunnel_area: "Dead End Tunnel"
 dwarfbreak_area: "Dwarfbreak"
 dwarovrod_10_12_area: "Dwarovrod |10-12|"
 dwarovrod_15_17_area: "Dwarovrod |15-17|"
 dwarovrod_1_3_area: "Dwarovrod |1-3|"
 dwarovrod_21_24_area: "Dwarovrod |21-24|"
 dwarovrod_4_6_area: "Dwarovrod |4-6|"
 dwarovrod_7_9_area: "Dwarovrod |7-9|"
 eastnest_area: "Eastnest"
 fallen_asra_area: "Fallen Asra"
 goblins_bypass_area: "Goblin's Bypass"
 jorkad_junction_area: "Jorkad Junction"
 khugdihr_area: "Khugdihr"
 krakdhum_area: "Krakdhûm"
 mithradhum_area: "Mithradhûm"
 old_dagrinrod_area: "Old Dagrinrod"
 orlazam_area: "Orlazam"
 orldhum_area: "Orldhûm"
 railyard_area: "The Railyard"
 railyard_exchange_area: "Railyard Exchange"
 riftway_area: "Riftway"
 skulkers_lair_area: "Skulker's Lair"
 snotslair_area: "Snotslair"
 stunad_kozenad_area: "Stunad Kozenad"
 travelers_refuge_area: "Travelers Refuge"
 vazhatun_area: "Vazhatun"
 westnest_area: "Westnest"
 zokkorna_caverns_area: "Zokkorna Caverns"
 ### Continent: south_america
 ## Superregion: effelai_superregion
 # Region: dry_coast_region
 aisuust_area: "Aisuust"
 borand_area: "Borand"
 muudoron_aelu_area: "Muudoron Aelu"
 muudoron_aisu_area: "Muudoron Aisu"
 ordovio_area: "Ordovio"
 oronvio_area: "Oronvio"
 rezanoan_area: "Rezanoan"
 # Region: east_effelai_region
 arbukesthi_area: "Arbukesthi"
 kiindtir_arbu_area: "Kiind'tir Arbu"
 ksimaine_area: "Ksimainé"
 muuduam_area: "Muuduam"
 soaring_forest_area: "Soaring Forest"
 taaine_area: "Taainé"
 tamidand_area: "Tamidand"
 thamusaine_area: "Thamusainé"
 truaine_area: "Truainé"
 tsilust_area: "Tsilust"
 tskeobor_area: "Tskeobor"
 uoriitswohvo_area: "Uoríitswohvo"
 voauuam_area: "Voauuam"
 voioon_area: "'Voio'on"
 # Region: leechdens_region
 edgewoods_area: "Edgewoods"
 leechdens_maw_area: "Leechdens Maw"
 middans_area: "The Middans"
 red_isle_area: "Red Isle" 
 screaming_jungle_area: "Screaming Jungle"
 serpenthome_area: "Serpenthome"
 spider_coast_area: "Spider Coast"
 ungoths_trail_area: "Ungoth's Trail"
 # Region: mushroom_forest_region
 mushroom_depths_area: "Mushroom Depths"
 sky_cap_range_area: "Sky Cap Range"
 sporeglade_area: "Sporeglade"
 # Region: severed_coast_region
 fishtail_woods_area: "Fishtail Woods"
 greencrest_area: "Greencrest"
 jester_point_area: "Jester's Point"
 rezailan_area: "Rezailan"
 timberneck_area: "Timberneck"
 # Region: soruin_region
 galindas_point_area: "Galinda's Point"
 green_river_area: "Green River"
 greenfort_area: "Greenfort"
 lovers_coast_area: "Lovers' Coast"
 obscured_approach_area: "Obscured Approach"
 overgrown_area: "Overgrown"
 respite_coast_area: "Respite Coast"
 trisfersland_area: "Trísfersland"
 # Region: south_effelai_region
 central_effelai_area: "Central Effelai"
 junglemouth_area: "Junglemouth"
 mistwood_area: "Mistwood"
 rockfall_jungle_area: "Rockfall Jungle"
 # Region: turtleback_isle_region
 turtlefeet_area: "Turtlefeet"
 turtlehead_area: "Turtlehead"
 turtlerear_area: "Turtlerear"
 # Region: west_effelai_region
 hungry_jungle_area: "The Hungry Jungle"
 silent_expanse_area: "Silent Expanse"
 silver_banks_area: "Silver Banks"
 the_twins_area: "The Twins"
 ## Superregion: kheionai_superregion
 # Region: alecand_region
 arpedifer_area: "Arpedifér"
 arpenisi_area: "Arpenisí"
 degakheion_area: "Degakheion"
 eltikan_area: "Eltikan"
 geneltik_area: "Geneltik"
 kheinos_area: "Kheinós"
 kherka_area: "Kherka"
 kimanis_area: "Kimánis"
 lokegentia_area: "Lokegentiá"
 lokemeion_area: "Lokemeion"
 mtelian_area: "Mtelián"
 oktikheion_area: "Oktikheion"
 ormam_area: "Ormam"
 # Region: andic_reach_region
 ameion_area: "Ameion"
 amgremos_area: "Amgremós"
 bzor_al_swrul_area: "Bzor-al-Swrul"
 deyeion_area: "Deyeion"
 eiongremos_area: "Eiongremós"
 idziydir_area: "Idziydir"
 kankotrund_area: "Kankotrund"
 sotophadi_area: "Sotóphadi"
 takothein_area: "Takotheín"
 # Region: chendhya_region
 asdzaeg_area: "Asdzaeg"
 asov_area: "Asov"
 auraden_area: "Auraden"
 donkalyn_area: "Donkalyn"
 gaenbyst_area: "Gaenbyst"
 haeunov_area: "Haeunov"
 moxbudar_area: "Moxbudar"
 samidryzand_area: "Samidryzand"
 # Region: devand_region
 anisikheion_area: "Anisíkheion"
 apikhoxi_area: "Apikhoxí"
 besolaki_area: "Besolakí"
 denabatha_area: "Denabatha"
 dtsiaerh_area: "Dtsiaerh"
 elokos_area: "Elokós"
 empkeios_area: "Empkeios"
 eneion_area: "Eneion"
 keyolion_area: "Keyolíon"
 ktwaena_area: "Ktwaena"
 msaghyan_area: "Msaghyan"
 soreion_area: "Sóreion"
 vothelisi_area: "Vothelisí"
 # Region: mteibas_valley_region
 bzhaernaer_area: "Bzhaernaer"
 dalktash_area: "Dalktash"
 hsamazh_area: "Hsamazh"
 jarrelaban_area: "Jarrelaban"
 mteibhara_area: "Mteibhara"
 zhazn_al_dalk_area: "Zhazn-al-Dalk"
 ## Superregion: taychend_superregion
 # Region: gauraddhi_region
 caergaraen_area: "Caergaraen"
 oremvand_area: "Oremvand"
 rakkabuttai_area: "Rakkabuttai"
 sarihaddu_area: "Sarihaddu"
 zaernmaera_area: "Zaernmaera"
 # Region: kalavend_region
 katelperai_area: "Katelperai"
 nanru_nakar_area: "Nanru Nakar"
 orenkoraim_area: "Orenkoraim"
 parahechend_area: "Parahechend"
 royakottar_area: "Royakottar"
 uesrennu_area: "Uesrennu"
 varamraya_area: "Varamraya"
 vettakaramai_area: "Vettakaramai"
 # Region: larankarha_highlands_region
 ahartadyam_area: "Ahartadyam"
 airoa_naditari_area: "Airoa Naditari"
 clematar_area: "Clematar"
 enlarmai_area: "Enlarmai"
 ethanamara_area: "Ethanamara"
 sedregenhi_area: "Sedregenhi"
 urvand_area: "Urvand"
 # Region: southern_coast_region
 ameionavil_area: "Ameionavil"
 korrimutren_area: "Korrimutren"
 nagarchend_area: "Nagarchend"
 sthanan_ith_vussam_area: "Sthanan ith Vussam"
 vuls_tenvach_area: "Vuls Tenvach"
 # Region: yodhanchend_region
 banderuttai_area: "Banderuttai"
 darkalyndar_area: "Darkalyndar"
 gophira_kendram_area: "Gophira Kendram"
 imarchend_area: "Imarchend"
 kattisangamar_area: "Kattisangamar"
 marhed_rayodana_area: "Marhed Rayodana"
 sibisimra_area: "Sibisimra"
 tirsin_area: "Tirsin"
 ## Superregion: unknown_south_america_superregion
 # Region: unknown_unknown_south_america_superregion_region
 unknown_unknown_unknown_south_america_superregion_region_area: "UNKNOWN AREA"
 ### Continent: unknown_continent
 ## Superregion: unknown_superregion
